Workbook

Sheet Task Tracker
A1: MemoryWatch — Task Tracker
A2: Quantum-Inspired Anomaly Detection for Memory-Based IDS • 6-Week MVP Schedule
A4: Week | B4: Owner | C4: Task | D4: Dependency | E4: Status | F4: Progress % | G4: Due (end of) | H4: Notes
A5: Week 1 | B5: Esala | C5: Create Git repo, branch strategy, shared env file, skeleton entry point | D5: — | E5: Not Started | F5: 0 | G5: Week 1
A6: Week 1 | B6: Esala | C6: Pin versions (Python, scikit-learn, Qiskit 2.x); write README setup | D6: — | E6: Not Started | F6: 0 | G6: Week 1
A7: Week 1 | B7: Ghita | C7: Download UNSW-NB15; confirm 49 features & 9 attack categories; document schema | D7: — | E7: Not Started | F7: 0 | G7: Week 1
A8: Week 1 | B8: Ghita | C8: Write reproducible loader logging rows/class counts/missing values | D8: — | E8: Not Started | F8: 0 | G8: Week 1
A9: Week 1 | B9: Prachin | C9: Prototype minimal Isolation Forest on toy data to validate sklearn setup | D9: — | E9: Not Started | F9: 0 | G9: Week 1
A10: Week 1 | B10: Vignesh | C10: Build threat-to-feature traceability table (3 attack types → signals) | D10: — | E10: Not Started | F10: 0 | G10: Week 1
A11: Week 2 | B11: Esala | C11: Define model interface contract (input shape, score output) | D11: W1 repo | E11: Not Started | F11: 0 | G11: Week 2
A12: Week 2 | B12: Ghita | C12: Implement cleaning, encoding, scaling (Chua et al. workflow) | D12: W1 loader | E12: Not Started | F12: 0 | G12: Week 2
A13: Week 2 | B13: Ghita | C13: Seeded train/test split + selected feature subset | D13: W1 loader | E13: Not Started | F13: 0 | G13: Week 2
A14: Week 2 | B14: Prachin | C14: Agree array interface; stub model class against contract | D14: W2 contract | E14: Not Started | F14: 0 | G14: Week 2
A15: Week 2 | B15: Vignesh | C15: Implement metrics module: FPR, recall, F1 (accuracy secondary) | D15: — | E15: Not Started | F15: 0 | G15: Week 2
A16: Week 3 | B16: Esala | C16: Support integration of baseline into entry point; review classical PR | D16: W3 baseline | E16: Not Started | F16: 0 | G16: Week 3
... A33: Week 6 | B33: Vignesh | C33: Write evaluation/results sections; prepare results slides | D33: W5 comparison | E33: Not Started | F33: 0 | G33: Week 6

Sheet Dashboard
A1: MemoryWatch — Progress Dashboard
A2: Live rollup from the Task Tracker (auto-calculated)
A4: Overall Progress
A5: Total tasks | B5: =COUNTA('Task Tracker'!C5:C33) -> 29
A6: Done | B6: =COUNTIF('Task Tracker'!E5:E33,"Done") -> 0
A7: In Progress | B7: =COUNTIF('Task Tracker'!E5:E33,"In Progress") -> 0
A8: Blocked | B8: =COUNTIF('Task Tracker'!E5:E33,"Blocked") -> 0
A9: Not Started | B9: =COUNTIF('Task Tracker'!E5:E33,"Not Started") -> 29
A10: Avg completion % | B10: =AVERAGE('Task Tracker'!F5:F33) -> 0
A12: Progress by Member
A13: Member | B13: Tasks | C13: Done | D13: Avg %
A14: Esala | B14: =COUNTIF('Task Tracker'!B5:B33,A14) -> 8 | C14: =COUNTIFS('Task Tracker'!B5:B33,A14,'Task Tracker'!E5:E33,"Done") -> 0 | D14: =IFERROR(AVERAGEIF('Task Tracker'!B5:B33,A14,'Task Tracker'!F5:F33),0) -> 0
A15: Ghita | B15: =COUNTIF('Task Tracker'!B5:B33,A15) -> 8 | C15: =COUNTIFS('Task Tracker'!B5:B33,A15,'Task Tracker'!E5:E33,"Done") -> 0 | D15: =IFERROR(AVERAGEIF('Task Tracker'!B5:B33,A15,'Task Tracker'!F5:F33),0) -> 0
A16: Prachin | B16: =COUNTIF('Task Tracker'!B5:B33,A16) -> 7 | C16: =COUNTIFS('Task Tracker'!B5:B33,A16,'Task Tracker'!E5:E33,"Done") -> 0 | D16: =IFERROR(AVERAGEIF('Task Tracker'!B5:B33,A16,'Task Tracker'!F5:F33),0) -> 0
A17: Vignesh | B17: =COUNTIF('Task Tracker'!B5:B33,A17) -> 6 | C17: =COUNTIFS('Task Tracker'!B5:B33,A17,'Task Tracker'!E5:E33,"Done") -> 0 | D17: =IFERROR(AVERAGEIF('Task Tracker'!B5:B33,A17,'Task Tracker'!F5:F33),0) -> 0
A19: Progress by Week
A20: Week | B20: Tasks | C20: Done | D20: Avg %
A21: Week 1 | B21: =COUNTIF('Task Tracker'!A5:A33,A21) -> 6 | C21: =COUNTIFS('Task Tracker'!A5:A33,A21,'Task Tracker'!E5:E33,"Done") -> 0 | D21: =IFERROR(AVERAGEIF('Task Tracker'!A5:A33,A21,'Task Tracker'!F5:F33),0) -> 0
A22: Week 2 | B22: =COUNTIF('Task Tracker'!A5:A33,A22) -> 5 | C22: =COUNTIFS('Task Tracker'!A5:A33,A22,'Task Tracker'!E5:E33,"Done") -> 0 | D22: =IFERROR(AVERAGEIF('Task Tracker'!A5:A33,A22,'Task Tracker'!F5:F33),0) -> 0
A23: Week 3 | B23: =COUNTIF('Task Tracker'!A5:A33,A23) -> 5 | C23: =COUNTIFS('Task Tracker'!A5:A33,A23,'Task Tracker'!E5:E33,"Done") -> 0 | D23: =IFERROR(AVERAGEIF('Task Tracker'!A5:A33,A23,'Task Tracker'!F5:F33),0) -> 0
A24: Week 4 | B24: =COUNTIF('Task Tracker'!A5:A33,A24) -> 5 | C24: =COUNTIFS('Task Tracker'!A5:A33,A24,'Task Tracker'!E5:E33,"Done") -> 0 | D24: =IFERROR(AVERAGEIF('Task Tracker'!A5:A33,A24,'Task Tracker'!F5:F33),0) -> 0
A25: Week 5 | B25: =COUNTIF('Task Tracker'!A5:A33,A25) -> 4 | C25: =COUNTIFS('Task Tracker'!A5:A33,A25,'Task Tracker'!E5:E33,"Done") -> 0 | D25: =IFERROR(AVERAGEIF('Task Tracker'!A5:A33,A25,'Task Tracker'!F5:F33),0) -> 0
A26: Week 6 | B26: =COUNTIF('Task Tracker'!A5:A33,A26) -> 4 | C26: =COUNTIFS('Task Tracker'!A5:A33,A26,'Task Tracker'!E5:E33,"Done") -> 0 | D26: =IFERROR(AVERAGEIF('Task Tracker'!A5:A33,A26,'Task Tracker'!F5:F33),0) -> 0

Sheet Milestones
A1: MemoryWatch — Milestones & Deliverables
A2: Critical path: Data (W2) → Classical (W3) → Quantum (W4) → Comparison (W5) → Integration (W6)
A4: Week | B4: Milestone | C4: Definition of Done | D4: Status | E4: Progress %
A5: Week 1 | B5: Setup & data foundation | C5: Repo, env, dataset loaded; threat-to-feature mapping locked | D5: Not Started | E5: 0
A6: Week 2 | B6: Preprocessing pipeline | C6: Clean/encode/scale; reproducible split; feature subset selected | D6: Not Started | E6: 0
A7: Week 3 | B7: Classical baseline (MVP core) | C7: Isolation Forest end to end with dynamic threshold | D7: Not Started | E7: 0
A8: Week 4 | B8: Quantum layer | C8: ZZFeatureMap kernel + One-Class SVM on same data | D8: Not Started | E8: 0
A9: Week 5 | B9: Evaluation & comparison | C9: FPR/recall/F1 for both; comparison table & plots | D9: Not Started | E9: 0
A10: Week 6 | B10: Integration, report & demo | C10: Unified MVP, final report, slides, dry-run done | D10: Not Started | E10: 0

Sheet Deliverables
A1: MemoryWatch — Final Deliverables Checklist
A2: Tick off before submission
A4: Deliverable | B4: Owner | C4: Done?
A5: Runnable MVP repo (single command/notebook) + README + pinned env | B5: Esala | C5: No
A6: Preprocessing module + reproducible UNSW-NB15 split | B6: Ghita | C6: No
A7: Isolation Forest baseline with dynamic thresholding | B7: Prachin | C7: No
A8: Quantum layer (ZZFeatureMap + One-Class SVM, Qiskit simulation) | B8: Esala | C8: No
A9: Evaluation outputs: FPR/recall/F1 + comparison table & plots | B9: Vignesh | C9: No
A10: Final written report (all sections merged, consistent references) | B10: Esala | C10: No
A11: Presentation slides + completed dry-run | B11: All | C11: No
